{
  "random": {
    "50x50": {
      "builtin": {
        "mean_s": 0.00024928633333350564,
        "stdev_s": 2.589827087664688e-05
      },
      "bubble": {
        "mean_s": 0.005556755666667357,
        "stdev_s": 0.00026297726780980397
      },
      "insertion": {
        "mean_s": 0.0025646976666659307,
        "stdev_s": 0.0003862787570507387
      },
      "quicksort": {
        "mean_s": 0.0036963506666675507,
        "stdev_s": 7.955323498330974e-05
      }
    },
    "100x50": {
      "builtin": {
        "mean_s": 0.0004499219999990108,
        "stdev_s": 3.933021296605135e-05
      },
      "bubble": {
        "mean_s": 0.010700075000000217,
        "stdev_s": 0.0004322153445810984
      },
      "insertion": {
        "mean_s": 0.004908319999998412,
        "stdev_s": 0.00015997564087217214
      },
      "quicksort": {
        "mean_s": 0.0071071390000009655,
        "stdev_s": 0.0001396432687988517
      }
    },
    "200x100": {
      "builtin": {
        "mean_s": 0.0021524406666699747,
        "stdev_s": 0.00013977820634938177
      },
      "bubble": {
        "mean_s": 0.11689460600000008,
        "stdev_s": 0.029280510394227705
      },
      "insertion": {
        "mean_s": 0.04416580633333448,
        "stdev_s": 0.017469931446815662
      },
      "quicksort": {
        "mean_s": 0.03317178000000117,
        "stdev_s": 0.005463452772214273
      }
    }
  },
  "sorted_rows": {
    "50x50": {
      "builtin": {
        "mean_s": 5.8518999999535026e-05,
        "stdev_s": 8.614950028691833e-06
      },
      "bubble": {
        "mean_s": 0.00019483866666547556,
        "stdev_s": 1.467539663316018e-05
      },
      "insertion": {
        "mean_s": 0.00029665766666890175,
        "stdev_s": 2.5570759032100726e-05
      },
      "quicksort": {
        "mean_s": 0.0030181166666688832,
        "stdev_s": 9.654404627289611e-05
      }
    },
    "100x50": {
      "builtin": {
        "mean_s": 0.00010704533333457296,
        "stdev_s": 4.3671164782835315e-06
      },
      "bubble": {
        "mean_s": 0.00033202066666622915,
        "stdev_s": 1.1202192480151604e-05
      },
      "insertion": {
        "mean_s": 0.0005044449999995019,
        "stdev_s": 1.22015166241007e-05
      },
      "quicksort": {
        "mean_s": 0.005727114333332395,
        "stdev_s": 4.790444332720567e-05
      }
    },
    "200x100": {
      "builtin": {
        "mean_s": 0.00038259666666817793,
        "stdev_s": 1.908077569772116e-05
      },
      "bubble": {
        "mean_s": 0.0038588976666673602,
        "stdev_s": 0.0047209748278254525
      },
      "insertion": {
        "mean_s": 0.0018805089999981799,
        "stdev_s": 9.014038266846857e-05
      },
      "quicksort": {
        "mean_s": 0.024343089333330663,
        "stdev_s": 0.0014344340729053483
      }
    }
  },
  "reverse_rows": {
    "50x50": {
      "builtin": {
        "mean_s": 4.2739000001290606e-05,
        "stdev_s": 7.684092459941063e-06
      },
      "bubble": {
        "mean_s": 0.006741004999999707,
        "stdev_s": 0.007019013724569027
      },
      "insertion": {
        "mean_s": 0.0014915879999980082,
        "stdev_s": 1.2166425483100943e-05
      },
      "quicksort": {
        "mean_s": 0.001334334333333705,
        "stdev_s": 2.219124550671321e-05
      }
    },
    "100x50": {
      "builtin": {
        "mean_s": 5.13883333349933e-05,
        "stdev_s": 4.300052248806348e-06
      },
      "bubble": {
        "mean_s": 0.0024438373333334575,
        "stdev_s": 3.4767744839015675e-05
      },
      "insertion": {
        "mean_s": 0.001453801666665792,
        "stdev_s": 2.850092529320736e-05
      },
      "quicksort": {
        "mean_s": 0.0015872686666658826,
        "stdev_s": 0.00029907565498059623
      }
    },
    "200x100": {
      "builtin": {
        "mean_s": 0.0001599153333344816,
        "stdev_s": 1.9556550112643522e-05
      },
      "bubble": {
        "mean_s": 0.03651781866666681,
        "stdev_s": 0.0325812576811457
      },
      "insertion": {
        "mean_s": 0.010852419333334732,
        "stdev_s": 0.0008190212552801596
      },
      "quicksort": {
        "mean_s": 0.013842537999996315,
        "stdev_s": 0.014178114206567099
      }
    }
  }
}